[
    {
        "model": "products.product",
        "pk": 1,
        "fields": {
            "category": 1,
            "sku": "PROD0001",
            "name": "Strawberry Shortcake",
            "description": "Delicious strawberry shortcake made to order.",
            "price": 27.5,
            "image": null,
            "is_custom": false,
            "is_accessory": false,
            "is_offer": false
        }
    },
    {
        "model": "products.product",
        "pk": 2,
        "fields": {
            "category": 1,
            "sku": "PROD0002",
            "name": "Strawberry Drip Cake",
            "description": "Delicious strawberry drip cake made to order.",
            "price": 30.0,
            "image": null,
            "is_custom": false,
            "is_accessory": false,
            "is_offer": false
        }
    },
    {
        "model": "products.product",
        "pk": 3,
        "fields": {
            "category": 1,
            "sku": "PROD0003",
            "name": "Star Cake",
            "description": "Delicious star cake made to order.",
            "price": 32.5,
            "image": null,
            "is_custom": false,
            "is_accessory": false,
            "is_offer": false
        }
    },
    {
        "model": "products.product",
        "pk": 4,
        "fields": {
            "category": 1,
            "sku": "PROD0004",
            "name": "Winnie The Pooh Cake",
            "description": "Delicious winnie the pooh cake made to order.",
            "price": 35.0,
            "image": null,
            "is_custom": false,
            "is_accessory": false,
            "is_offer": false
        }
    },
    {
        "model": "products.product",
        "pk": 5,
        "fields": {
            "category": 1,
            "sku": "PROD0005",
            "name": "Unicorn Cake",
            "description": "Delicious unicorn cake made to order.",
            "price": 37.5,
            "image": null,
            "is_custom": false,
            "is_accessory": false,
            "is_offer": false
        }
    },
    {
        "model": "products.product",
        "pk": 6,
        "fields": {
            "category": 2,
            "sku": "PROD0006",
            "name": "Sprinkles Cupcake",
            "description": "Delicious sprinkles cupcake made to order.",
            "price": 40.0,
            "image": null,
            "is_custom": false,
            "is_accessory": false,
            "is_offer": false
        }
    },
    {
        "model": "products.product",
        "pk": 7,
        "fields": {
            "category": 1,
            "sku": "PROD0007",
            "name": "Deluxe Christmas Cake",
            "description": "Delicious deluxe christmas cake made to order.",
            "price": 42.5,
            "image": null,
            "is_custom": false,
            "is_accessory": false,
            "is_offer": false
        }
    },
    {
        "model": "products.product",
        "pk": 8,
        "fields": {
            "category": 1,
            "sku": "PROD0008",
            "name": "Dinosaur Cake",
            "description": "Delicious dinosaur cake made to order.",
            "price": 45.0,
            "image": null,
            "is_custom": false,
            "is_accessory": false,
            "is_offer": false
        }
    },
    {
        "model": "products.product",
        "pk": 9,
        "fields": {
            "category": 1,
            "sku": "PROD0009",
            "name": "Flower Drip Cake",
            "description": "Delicious flower drip cake made to order.",
            "price": 47.5,
            "image": null,
            "is_custom": false,
            "is_accessory": false,
            "is_offer": false
        }
    },
    {
        "model": "products.product",
        "pk": 10,
        "fields": {
            "category": 5,
            "sku": "PROD0010",
            "name": "Happy Birthday Candles",
            "description": "Delicious happy birthday candles made to order.",
            "price": 25.0,
            "image": null,
            "is_custom": false,
            "is_accessory": true,
            "is_offer": false
        }
    },
    {
        "model": "products.product",
        "pk": 11,
        "fields": {
            "category": 1,
            "sku": "PROD0011",
            "name": "Jungle Cake",
            "description": "Delicious jungle cake made to order.",
            "price": 27.5,
            "image": null,
            "is_custom": false,
            "is_accessory": false,
            "is_offer": false
        }
    },
    {
        "model": "products.product",
        "pk": 12,
        "fields": {
            "category": 6,
            "sku": "PROD0012",
            "name": "Colour Number Foil Balloon",
            "description": "Delicious colour number foil balloon made to order.",
            "price": 30.0,
            "image": null,
            "is_custom": false,
            "is_accessory": true,
            "is_offer": false
        }
    },
    {
        "model": "products.product",
        "pk": 13,
        "fields": {
            "category": 1,
            "sku": "PROD0013",
            "name": "Christmas Log Cake",
            "description": "Delicious christmas log cake made to order.",
            "price": 32.5,
            "image": null,
            "is_custom": false,
            "is_accessory": false,
            "is_offer": false
        }
    },
    {
        "model": "products.product",
        "pk": 14,
        "fields": {
            "category": 1,
            "sku": "PROD0014",
            "name": "Girl Birthday Cake",
            "description": "Delicious girl birthday cake made to order.",
            "price": 35.0,
            "image": null,
            "is_custom": false,
            "is_accessory": false,
            "is_offer": false
        }
    },
    {
        "model": "products.product",
        "pk": 15,
        "fields": {
            "category": 5,
            "sku": "PROD0015",
            "name": "Pink Candles",
            "description": "Delicious pink candles made to order.",
            "price": 37.5,
            "image": null,
            "is_custom": false,
            "is_accessory": true,
            "is_offer": false
        }
    },
    {
        "model": "products.product",
        "pk": 16,
        "fields": {
            "category": 1,
            "sku": "PROD0016",
            "name": "Hello Kitty Cake",
            "description": "Delicious hello kitty cake made to order.",
            "price": 40.0,
            "image": null,
            "is_custom": false,
            "is_accessory": false,
            "is_offer": false
        }
    },
    {
        "model": "products.product",
        "pk": 17,
        "fields": {
            "category": 1,
            "sku": "PROD0017",
            "name": "Car Cake",
            "description": "Delicious car cake made to order.",
            "price": 42.5,
            "image": null,
            "is_custom": false,
            "is_accessory": false,
            "is_offer": false
        }
    },
    {
        "model": "products.product",
        "pk": 18,
        "fields": {
            "category": 1,
            "sku": "PROD0018",
            "name": "Butterfly Cake",
            "description": "Delicious butterfly cake made to order.",
            "price": 45.0,
            "image": null,
            "is_custom": false,
            "is_accessory": false,
            "is_offer": false
        }
    },
    {
        "model": "products.product",
        "pk": 19,
        "fields": {
            "category": 1,
            "sku": "PROD0019",
            "name": "Bueno Drip Cake",
            "description": "Delicious bueno drip cake made to order.",
            "price": 47.5,
            "image": null,
            "is_custom": false,
            "is_accessory": false,
            "is_offer": false
        }
    },
    {
        "model": "products.product",
        "pk": 20,
        "fields": {
            "category": 1,
            "sku": "PROD0020",
            "name": "Girl Christening Cake",
            "description": "Delicious girl christening cake made to order.",
            "price": 25.0,
            "image": null,
            "is_custom": false,
            "is_accessory": false,
            "is_offer": false
        }
    },
    {
        "model": "products.product",
        "pk": 21,
        "fields": {
            "category": 1,
            "sku": "PROD0021",
            "name": "Spongebob Cake",
            "description": "Delicious spongebob cake made to order.",
            "price": 27.5,
            "image": null,
            "is_custom": false,
            "is_accessory": false,
            "is_offer": false
        }
    },
    {
        "model": "products.product",
        "pk": 22,
        "fields": {
            "category": 1,
            "sku": "PROD0022",
            "name": "Among Us Cake",
            "description": "Delicious among us cake made to order.",
            "price": 30.0,
            "image": null,
            "is_custom": false,
            "is_accessory": false,
            "is_offer": false
        }
    },
    {
        "model": "products.product",
        "pk": 23,
        "fields": {
            "category": 1,
            "sku": "PROD0023",
            "name": "Baby Girl Cake",
            "description": "Delicious baby girl cake made to order.",
            "price": 32.5,
            "image": null,
            "is_custom": false,
            "is_accessory": false,
            "is_offer": false
        }
    },
    {
        "model": "products.product",
        "pk": 24,
        "fields": {
            "category": 1,
            "sku": "PROD0024",
            "name": "Spider Man Cake",
            "description": "Delicious spider man cake made to order.",
            "price": 35.0,
            "image": null,
            "is_custom": false,
            "is_accessory": false,
            "is_offer": false
        }
    },
    {
        "model": "products.product",
        "pk": 25,
        "fields": {
            "category": 6,
            "sku": "PROD0025",
            "name": "Balloons",
            "description": "Delicious balloons made to order.",
            "price": 37.5,
            "image": null,
            "is_custom": false,
            "is_accessory": true,
            "is_offer": false
        }
    },
    {
        "model": "products.product",
        "pk": 26,
        "fields": {
            "category": 1,
            "sku": "PROD0026",
            "name": "Gender Reveal Cake 2",
            "description": "Delicious gender reveal cake 2 made to order.",
            "price": 40.0,
            "image": null,
            "is_custom": false,
            "is_accessory": false,
            "is_offer": false
        }
    },
    {
        "model": "products.product",
        "pk": 27,
        "fields": {
            "category": 5,
            "sku": "PROD0027",
            "name": "Sparkler Candles",
            "description": "Delicious sparkler candles made to order.",
            "price": 42.5,
            "image": null,
            "is_custom": false,
            "is_accessory": true,
            "is_offer": false
        }
    },
    {
        "model": "products.product",
        "pk": 28,
        "fields": {
            "category": 1,
            "sku": "PROD0028",
            "name": "Rainbow Layer Cake",
            "description": "Delicious rainbow layer cake made to order.",
            "price": 45.0,
            "image": null,
            "is_custom": false,
            "is_accessory": false,
            "is_offer": false
        }
    },
    {
        "model": "products.product",
        "pk": 29,
        "fields": {
            "category": 1,
            "sku": "PROD0029",
            "name": "Girl Bear Cake",
            "description": "Delicious girl bear cake made to order.",
            "price": 47.5,
            "image": null,
            "is_custom": false,
            "is_accessory": false,
            "is_offer": false
        }
    },
    {
        "model": "products.product",
        "pk": 30,
        "fields": {
            "category": 1,
            "sku": "PROD0030",
            "name": "Baby Boy Cake",
            "description": "Delicious baby boy cake made to order.",
            "price": 25.0,
            "image": null,
            "is_custom": false,
            "is_accessory": false,
            "is_offer": false
        }
    },
    {
        "model": "products.product",
        "pk": 31,
        "fields": {
            "category": 6,
            "sku": "PROD0031",
            "name": "Silver Foil Balloon",
            "description": "Delicious silver foil balloon made to order.",
            "price": 27.5,
            "image": null,
            "is_custom": false,
            "is_accessory": true,
            "is_offer": false
        }
    },
    {
        "model": "products.product",
        "pk": 32,
        "fields": {
            "category": 1,
            "sku": "PROD0032",
            "name": "Minnie Mouse Cake",
            "description": "Delicious minnie mouse cake made to order.",
            "price": 30.0,
            "image": null,
            "is_custom": false,
            "is_accessory": false,
            "is_offer": false
        }
    },
    {
        "model": "products.product",
        "pk": 33,
        "fields": {
            "category": 1,
            "sku": "PROD0033",
            "name": "Gender Reveal Cake 1",
            "description": "Delicious gender reveal cake 1 made to order.",
            "price": 32.5,
            "image": null,
            "is_custom": false,
            "is_accessory": false,
            "is_offer": false
        }
    },
    {
        "model": "products.product",
        "pk": 34,
        "fields": {
            "category": 2,
            "sku": "PROD0034",
            "name": "Rose Top Cupcake",
            "description": "Delicious rose top cupcake made to order.",
            "price": 35.0,
            "image": null,
            "is_custom": false,
            "is_accessory": false,
            "is_offer": false
        }
    },
    {
        "model": "products.product",
        "pk": 35,
        "fields": {
            "category": 1,
            "sku": "PROD0035",
            "name": "Oreo Drip Cake",
            "description": "Delicious oreo drip cake made to order.",
            "price": 37.5,
            "image": null,
            "is_custom": false,
            "is_accessory": false,
            "is_offer": false
        }
    },
    {
        "model": "products.product",
        "pk": 36,
        "fields": {
            "category": 1,
            "sku": "PROD0036",
            "name": "Rainbow Drip Cake",
            "description": "Delicious rainbow drip cake made to order.",
            "price": 40.0,
            "image": null,
            "is_custom": false,
            "is_accessory": false,
            "is_offer": false
        }
    },
    {
        "model": "products.product",
        "pk": 37,
        "fields": {
            "category": 1,
            "sku": "PROD0037",
            "name": "Merry Christmas Cake",
            "description": "Delicious merry christmas cake made to order.",
            "price": 42.5,
            "image": null,
            "is_custom": false,
            "is_accessory": false,
            "is_offer": false
        }
    },
    {
        "model": "products.product",
        "pk": 38,
        "fields": {
            "category": 5,
            "sku": "PROD0038",
            "name": "Number Birthday Candles",
            "description": "Delicious number birthday candles made to order.",
            "price": 45.0,
            "image": null,
            "is_custom": false,
            "is_accessory": true,
            "is_offer": false
        }
    },
    {
        "model": "products.product",
        "pk": 39,
        "fields": {
            "category": 1,
            "sku": "PROD0039",
            "name": "Baby Boy Cake 2",
            "description": "Delicious baby boy cake 2 made to order.",
            "price": 47.5,
            "image": null,
            "is_custom": false,
            "is_accessory": false,
            "is_offer": false
        }
    },
    {
        "model": "products.product",
        "pk": 40,
        "fields": {
            "category": 1,
            "sku": "PROD0040",
            "name": "Chocolate Lovers Drip Cake",
            "description": "Delicious chocolate lovers drip cake made to order.",
            "price": 25.0,
            "image": null,
            "is_custom": false,
            "is_accessory": false,
            "is_offer": false
        }
    },
    {
        "model": "products.product",
        "pk": 41,
        "fields": {
            "category": 2,
            "sku": "PROD0041",
            "name": "Love Cupcake",
            "description": "Delicious love cupcake made to order.",
            "price": 27.5,
            "image": null,
            "is_custom": false,
            "is_accessory": false,
            "is_offer": false
        }
    },
    {
        "model": "products.product",
        "pk": 42,
        "fields": {
            "category": 1,
            "sku": "PROD0042",
            "name": "Mix It Up",
            "description": "Delicious mix it up made to order.",
            "price": 30.0,
            "image": null,
            "is_custom": false,
            "is_accessory": false,
            "is_offer": false
        }
    },
    {
        "model": "products.product",
        "pk": 43,
        "fields": {
            "category": 1,
            "sku": "PROD0043",
            "name": "Ocean Birthday Cake",
            "description": "Delicious ocean birthday cake made to order.",
            "price": 32.5,
            "image": null,
            "is_custom": false,
            "is_accessory": false,
            "is_offer": false
        }
    },
    {
        "model": "products.product",
        "pk": 44,
        "fields": {
            "category": 1,
            "sku": "PROD0044",
            "name": "Cherry Drip Cake",
            "description": "Delicious cherry drip cake made to order.",
            "price": 35.0,
            "image": null,
            "is_custom": false,
            "is_accessory": false,
            "is_offer": false
        }
    },
    {
        "model": "products.product",
        "pk": 45,
        "fields": {
            "category": 2,
            "sku": "PROD0045",
            "name": "Choco Swirl Cupcake",
            "description": "Delicious choco swirl cupcake made to order.",
            "price": 37.5,
            "image": null,
            "is_custom": false,
            "is_accessory": false,
            "is_offer": false
        }
    },
    {
        "model": "products.product",
        "pk": 46,
        "fields": {
            "category": 1,
            "sku": "PROD0046",
            "name": "Novelty Christmas Cake",
            "description": "Delicious novelty christmas cake made to order.",
            "price": 40.0,
            "image": null,
            "is_custom": false,
            "is_accessory": false,
            "is_offer": false
        }
    }
]