[
    {
        "model": "products.category",
        "pk": 1,
        "fields": {
            "name": "cakes",
            "friendly_name": "Cakes"
        }
    },
    {
        "model": "products.category",
        "pk": 2,
        "fields": {
            "name": "cupcakes",
            "friendly_name": "Cupcakes"
        }
    },
    {
        "model": "products.category",
        "pk": 3,
        "fields": {
            "name": "occasions",
            "friendly_name": "Occasions"
        }
    },
    {
        "model": "products.category",
        "pk": 4,
        "fields": {
            "name": "custom",
            "friendly_name": "Custom"
        }
    },
    {
        "model": "products.category",
        "pk": 5,
        "fields": {
            "name": "candles",
            "friendly_name": "Candles"
        }
    },
    {
        "model": "products.category",
        "pk": 6,
        "fields": {
            "name": "balloons",
            "friendly_name": "Balloons"
        }
    },
    {
        "model": "products.category",
        "pk": 7,
        "fields": {
            "name": "accessories",
            "friendly_name": "Accessories"
        }
    },
    {
        "model": "products.category",
        "pk": 8,
        "fields": {
            "name": "gift",
            "friendly_name": "Gift"
        }
    }
]